{
    "type": "autofit.example.model.Gaussian",
    "centre": 49.34763482081366,
    "normalization": 1.0,
    "sigma": 13.80028739966685
}