{
    "type": "autofit.example.model.Gaussian",
    "centre": 46.14930641653304,
    "normalization": 1.0,
    "sigma": 17.37505551623335
}