{
    "type": "autofit.example.model.Gaussian",
    "centre": 62.30789730864164,
    "normalization": 1.0,
    "sigma": 13.652068844027932
}