{
    "type": "autofit.example.model.Gaussian",
    "centre": 67.54890965638171,
    "normalization": 1.0,
    "sigma": 14.366972841828897
}