{
    "type": "autofit.example.model.Gaussian",
    "centre": 62.82870787713957,
    "normalization": 1.0,
    "sigma": 15.105993065196003
}