{
    "type": "autofit.example.model.Gaussian",
    "centre": 58.817731803675144,
    "normalization": 1.0,
    "sigma": 6.933042181582738
}