{
    "type": "autofit.example.model.Gaussian",
    "centre": 57.23876699340944,
    "normalization": 1.0,
    "sigma": 10.250402131755703
}