{
    "type": "autofit.example.model.Gaussian",
    "centre": 56.56728831972164,
    "normalization": 1.0,
    "sigma": 9.671548708966748
}