{
    "type": "autofit.example.model.Gaussian",
    "centre": 45.581062824962636,
    "normalization": 1.0,
    "sigma": 7.048773324282832
}