{
    "type": "autofit.example.model.Gaussian",
    "centre": 50.432752850507335,
    "normalization": 1.0,
    "sigma": 18.751525755967254
}