{
    "type": "autofit.example.model.Gaussian",
    "centre": 51.130147796932505,
    "normalization": 1.0,
    "sigma": 4.1546761333774045
}