{
    "type": "autofit.example.model.Gaussian",
    "centre": 58.68072948554537,
    "normalization": 1.0,
    "sigma": 11.837598524070923
}