{
    "type": "autofit.example.model.Gaussian",
    "centre": 68.14247750020421,
    "normalization": 1.0,
    "sigma": 5.806569401274844
}