{
    "type": "autofit.example.model.Gaussian",
    "centre": 48.32544809194191,
    "normalization": 1.0,
    "sigma": 3.0523792940117005
}