{
    "type": "autofit.example.model.Gaussian",
    "centre": 47.96442081120018,
    "normalization": 1.0,
    "sigma": 6.900552779886603
}