{
    "type": "autofit.example.model.Gaussian",
    "centre": 41.07394074836851,
    "normalization": 1.0,
    "sigma": 10.122721401080225
}