{
    "type": "autofit.example.model.Gaussian",
    "centre": 62.62261276440986,
    "normalization": 1.0,
    "sigma": 9.126302346568128
}