{
    "type": "autofit.example.model.Gaussian",
    "centre": 35.49538637325867,
    "normalization": 1.0,
    "sigma": 17.064919738081166
}