{
    "type": "autofit.example.model.Gaussian",
    "centre": 27.579076417292082,
    "normalization": 1.0,
    "sigma": 1.8655040957039848
}