{
    "type": "autofit.example.model.Gaussian",
    "centre": 37.25833969792383,
    "normalization": 1.0,
    "sigma": 11.714374929737689
}