{
    "type": "autofit.example.model.Gaussian",
    "centre": 48.49603454838725,
    "normalization": 1.0,
    "sigma": 12.098352969014886
}