{
    "type": "autofit.example.model.Gaussian",
    "centre": 47.61908472014167,
    "normalization": 1.0,
    "sigma": 2.641018528150343
}