{
    "type": "autofit.example.model.Gaussian",
    "centre": 48.11229424732488,
    "normalization": 1.0,
    "sigma": 6.393397048595496
}