{
    "type": "autofit.example.model.Gaussian",
    "centre": 49.76553271648484,
    "normalization": 1.0,
    "sigma": 3.25794030786974
}