{
    "type": "autofit.example.model.Gaussian",
    "centre": 48.10512954688423,
    "normalization": 1.0,
    "sigma": 3.5763734327766006
}