{
    "type": "autofit.example.model.Gaussian",
    "centre": 47.316937419790804,
    "normalization": 1.0,
    "sigma": 13.486012658133763
}