{
    "type": "autofit.example.model.Gaussian",
    "centre": 54.503384381948464,
    "normalization": 1.0,
    "sigma": 15.392280124590162
}