{
    "type": "autofit.example.model.Gaussian",
    "centre": 57.16343284697512,
    "normalization": 1.0,
    "sigma": 10.779948305627352
}