{
    "type": "autofit.example.model.Gaussian",
    "centre": 66.11926342602673,
    "normalization": 1.0,
    "sigma": 10.26347438182147
}