{
    "type": "autofit.example.model.Gaussian",
    "centre": 50.489010601150454,
    "normalization": 1.0,
    "sigma": 7.188347106279954
}