{
    "type": "autofit.example.model.Gaussian",
    "centre": 32.519005294067696,
    "normalization": 1.0,
    "sigma": 18.523718428736466
}