{
    "type": "autofit.example.model.Gaussian",
    "centre": 51.26112046291588,
    "normalization": 1.0,
    "sigma": 14.331891032068462
}