{
    "type": "autofit.example.model.Gaussian",
    "centre": 58.82259928638754,
    "normalization": 1.0,
    "sigma": 14.951224039778637
}