{
    "type": "autofit.example.model.Gaussian",
    "centre": 51.07502793528881,
    "normalization": 1.0,
    "sigma": 10.848981070185625
}