{
    "type": "autofit.example.model.Gaussian",
    "centre": 44.09185369967413,
    "normalization": 1.0,
    "sigma": 9.931845496405895
}