{
    "type": "autofit.example.model.Gaussian",
    "centre": 31.770562798948475,
    "normalization": 1.0,
    "sigma": 15.85557787125543
}