{
    "type": "autofit.example.model.Gaussian",
    "centre": 58.28363437448056,
    "normalization": 1.0,
    "sigma": 8.624015619089363
}