{
    "type": "autofit.example.model.Gaussian",
    "centre": 55.10479313190341,
    "normalization": 1.0,
    "sigma": 6.350779444718397
}