{"log_evidence": 116858.47244033085, "total_samples": 184512, "unconverged_sample_size": 1, "time": "6:50:04.460429", "number_live_points": 200}