{
    "type": "autofit.example.model.Gaussian",
    "centre": 55.42794284269303,
    "normalization": 1.0,
    "sigma": 6.8500763257215365
}