{
    "type": "autofit.example.model.Gaussian",
    "centre": 53.27613419742139,
    "normalization": 1.0,
    "sigma": 16.952862599217376
}