{
    "type": "autofit.example.model.Gaussian",
    "centre": 44.605857689507545,
    "normalization": 1.0,
    "sigma": 5.7140702666787835
}