{
    "type": "autofit.example.model.Gaussian",
    "centre": 53.70942009215379,
    "normalization": 1.0,
    "sigma": 19.55538526126451
}