{
    "type": "autofit.example.model.Gaussian",
    "centre": 48.117611434100084,
    "normalization": 1.0,
    "sigma": 4.026858768769326
}