{
    "type": "autofit.example.model.Gaussian",
    "centre": 72.418967216063,
    "normalization": 1.0,
    "sigma": 11.121204384975432
}