{
    "type": "autofit.example.model.Gaussian",
    "centre": 61.36245713873308,
    "normalization": 1.0,
    "sigma": 11.777271573764974
}