{
    "type": "autofit.example.model.Gaussian",
    "centre": 38.29971301000866,
    "normalization": 1.0,
    "sigma": 7.79571334052927
}