{
    "type": "autofit.example.model.Gaussian",
    "centre": 63.66602748206731,
    "normalization": 1.0,
    "sigma": 9.048085847083867
}