{
    "type": "autofit.example.model.Gaussian",
    "centre": 48.173652024858654,
    "normalization": 1.0,
    "sigma": 10.319102219096077
}