{
    "type": "autofit.example.model.Gaussian",
    "centre": 60.45611466788988,
    "normalization": 1.0,
    "sigma": 6.479767539126684
}