{
    "type": "autofit.example.model.Gaussian",
    "centre": 59.051766511716174,
    "normalization": 1.0,
    "sigma": 2.39144553397517
}