{
    "type": "autofit.example.model.Gaussian",
    "centre": 47.882742263756725,
    "normalization": 1.0,
    "sigma": 3.3268886125101247
}