{
    "type": "autofit.example.model.Gaussian",
    "centre": 32.715586692590776,
    "normalization": 1.0,
    "sigma": 17.40539826786012
}