{
    "type": "autofit.example.model.Gaussian",
    "centre": 70.46167245938224,
    "normalization": 1.0,
    "sigma": 5.0703091408535785
}