{
    "type": "autofit.example.model.Gaussian",
    "centre": 45.41379857925237,
    "normalization": 1.0,
    "sigma": 10.715361537974788
}