{
    "type": "autofit.example.model.Gaussian",
    "centre": 55.42471164825497,
    "normalization": 1.0,
    "sigma": 9.344800002794567
}