{
    "type": "autofit.example.model.Gaussian",
    "centre": 44.48652656330874,
    "normalization": 1.0,
    "sigma": 11.16277648030561
}