{
    "type": "autofit.example.model.Gaussian",
    "centre": 51.07717427632707,
    "normalization": 1.0,
    "sigma": 7.441954634618041
}