{
    "type": "autofit.example.model.Gaussian",
    "centre": 42.763201375936696,
    "normalization": 1.0,
    "sigma": 5.289411300833173
}