{
    "type": "autofit.example.model.Gaussian",
    "centre": 49.43597041656411,
    "normalization": 1.0,
    "sigma": 1.508403203940885
}