{
    "type": "autofit.example.model.Gaussian",
    "centre": 44.414279675851,
    "normalization": 1.0,
    "sigma": 8.79897417707399
}