{
    "type": "autofit.example.model.Gaussian",
    "centre": 43.0764534912965,
    "normalization": 1.0,
    "sigma": 10.71879016726139
}