{
    "type": "autofit.example.model.Gaussian",
    "centre": 33.196035652517025,
    "normalization": 1.0,
    "sigma": 8.602864652786224
}