{
    "type": "autofit.example.model.Gaussian",
    "centre": 48.45360438224886,
    "normalization": 1.0,
    "sigma": 6.756461141419741
}