{
    "type": "autofit.example.model.Gaussian",
    "centre": 44.504314202798945,
    "normalization": 1.0,
    "sigma": 2.5210430010053404
}