{
    "type": "autofit.example.model.Gaussian",
    "centre": 47.29027474298648,
    "normalization": 1.0,
    "sigma": 10.586674291225187
}