{
    "type": "autofit.example.model.Gaussian",
    "centre": 43.80381964881555,
    "normalization": 1.0,
    "sigma": 15.035024967109209
}