{
    "type": "autofit.example.model.Gaussian",
    "centre": 41.51717448100689,
    "normalization": 1.0,
    "sigma": 11.16989235724679
}