{
    "type": "autofit.example.model.Gaussian",
    "centre": 44.99473473496893,
    "normalization": 1.0,
    "sigma": 3.112108913580295
}