{
    "type": "autofit.example.model.Gaussian",
    "centre": 42.89087703717013,
    "normalization": 1.0,
    "sigma": 19.799524877541657
}