{
    "type": "autofit.example.model.Gaussian",
    "centre": 48.74564074846382,
    "normalization": 1.0,
    "sigma": 12.125018914327137
}