{
    "type": "autofit.example.model.Gaussian",
    "centre": 70.84359263302868,
    "normalization": 1.0,
    "sigma": 12.869049991237418
}