{
    "type": "autofit.example.model.Gaussian",
    "centre": 33.29378629188195,
    "normalization": 1.0,
    "sigma": 2.563440301358514
}