{
    "type": "autofit.example.model.Gaussian",
    "centre": 47.29314091752204,
    "normalization": 1.0,
    "sigma": 13.561106908972926
}