{
    "type": "autofit.example.model.Gaussian",
    "centre": 51.3107656173118,
    "normalization": 1.0,
    "sigma": 7.789381904789994
}