{
    "type": "autofit.example.model.Gaussian",
    "centre": 33.343046890665335,
    "normalization": 1.0,
    "sigma": 10.890839628965047
}