{
    "type": "autofit.example.model.Gaussian",
    "centre": 55.17261134213049,
    "normalization": 1.0,
    "sigma": 18.36661420505611
}