{
    "type": "autofit.example.model.Gaussian",
    "centre": 57.58124486758759,
    "normalization": 1.0,
    "sigma": 19.407826370408422
}