{
    "type": "autofit.example.model.Gaussian",
    "centre": 37.68500577778502,
    "normalization": 1.0,
    "sigma": 6.97989163179488
}