{
    "type": "autofit.example.model.Gaussian",
    "centre": 63.060376906864825,
    "normalization": 1.0,
    "sigma": 17.420551315232945
}