{
    "type": "autofit.example.model.Gaussian",
    "centre": 45.683725187641116,
    "normalization": 1.0,
    "sigma": 16.658315087540586
}