{
    "type": "autofit.example.model.Gaussian",
    "centre": 65.85760638647926,
    "normalization": 1.0,
    "sigma": 11.450565734162002
}