{
    "type": "autofit.example.model.Gaussian",
    "centre": 73.18218237698763,
    "normalization": 1.0,
    "sigma": 6.867338126591784
}