{
    "type": "autofit.example.model.Gaussian",
    "centre": 52.39468341848289,
    "normalization": 1.0,
    "sigma": 2.8509010327942255
}