{
    "type": "autofit.example.model.Gaussian",
    "centre": 42.82101407746399,
    "normalization": 1.0,
    "sigma": 10.662626501607646
}