{
    "type": "autofit.example.model.Gaussian",
    "centre": 47.610141709790966,
    "normalization": 1.0,
    "sigma": 14.106354710009608
}