{
    "log_evidence": -106.59524685042064,
    "total_samples": 40000,
    "time": "53137.41482138634",
    "number_live_points": 100
}