{
    "type": "autofit.example.model.Gaussian",
    "centre": 42.91187445213083,
    "normalization": 1.0,
    "sigma": 17.02765339697266
}