{
    "type": "autofit.example.model.Gaussian",
    "centre": 57.709264243278355,
    "normalization": 1.0,
    "sigma": 14.912809310392127
}