{
    "type": "autofit.example.model.Gaussian",
    "centre": 55.566056697817416,
    "normalization": 1.0,
    "sigma": 18.864700166402983
}