{
    "type": "autofit.example.model.Gaussian",
    "centre": 52.77640947067515,
    "normalization": 1.0,
    "sigma": 14.569161120163212
}