{
    "type": "autofit.example.model.Gaussian",
    "centre": 34.964983879411534,
    "normalization": 1.0,
    "sigma": 5.606494721654761
}