{
    "type": "autofit.example.model.Gaussian",
    "centre": 47.79663954809729,
    "normalization": 1.0,
    "sigma": 11.318841276388525
}