{
    "type": "autofit.example.model.Gaussian",
    "centre": 50.9658964463469,
    "normalization": 1.0,
    "sigma": 8.915604676806742
}