{
    "type": "autofit.example.model.Gaussian",
    "centre": 44.355310070669766,
    "normalization": 1.0,
    "sigma": 10.344964604653711
}