{
    "type": "autofit.example.model.Gaussian",
    "centre": 52.50683295850652,
    "normalization": 1.0,
    "sigma": 7.987744087939339
}