{
    "type": "autofit.example.model.Gaussian",
    "centre": 75.98976218214577,
    "normalization": 1.0,
    "sigma": 3.1218961267684158
}