{
    "type": "autofit.example.model.Gaussian",
    "centre": 48.19598431763912,
    "normalization": 1.0,
    "sigma": 18.633295280525154
}