{
    "type": "autofit.example.model.Gaussian",
    "centre": 38.25892185904192,
    "normalization": 1.0,
    "sigma": 7.663991505485144
}