{
    "type": "autofit.example.model.Gaussian",
    "centre": 63.023949248264145,
    "normalization": 1.0,
    "sigma": 15.102166851506905
}