{
    "type": "autofit.example.model.Gaussian",
    "centre": 36.69915323860485,
    "normalization": 1.0,
    "sigma": 6.430413412024253
}