{
    "type": "autofit.example.model.Gaussian",
    "centre": 43.11686261004631,
    "normalization": 1.0,
    "sigma": 6.060261140569311
}