{
    "type": "autofit.example.model.Gaussian",
    "centre": 53.066365132079575,
    "normalization": 1.0,
    "sigma": 8.21377906354749
}