{
    "type": "autofit.example.model.Gaussian",
    "centre": 23.3822939171978,
    "normalization": 1.0,
    "sigma": 12.438822042948246
}