{
    "type": "autofit.example.model.Gaussian",
    "centre": 39.907307173554436,
    "normalization": 1.0,
    "sigma": 15.80549781260231
}