{
    "type": "autofit.example.model.Gaussian",
    "centre": 54.10963863240331,
    "normalization": 1.0,
    "sigma": 7.813143852770209
}