{
    "type": "autofit.example.model.Gaussian",
    "centre": 42.762871893775774,
    "normalization": 1.0,
    "sigma": 9.171111461123882
}