{
    "type": "autofit.example.model.Gaussian",
    "centre": 49.68845010995386,
    "normalization": 1.0,
    "sigma": 4.788415122365944
}