{
    "type": "autofit.example.model.Gaussian",
    "centre": 53.19444976929759,
    "normalization": 1.0,
    "sigma": 16.06992394545004
}