{
    "type": "autofit.example.model.Gaussian",
    "centre": 50.243994890998195,
    "normalization": 1.0,
    "sigma": 5.129930838791984
}