{
    "type": "autofit.example.model.Gaussian",
    "centre": 34.140766646278045,
    "normalization": 1.0,
    "sigma": 0.6949043515299582
}