{
    "type": "autofit.example.model.Gaussian",
    "centre": 46.188610331837125,
    "normalization": 1.0,
    "sigma": 17.90300052401343
}