{
    "type": "autofit.example.model.Gaussian",
    "centre": 50.06933377261189,
    "normalization": 1.0,
    "sigma": 5.294122150026513
}