{
    "type": "autofit.example.model.Gaussian",
    "centre": 41.97036737244892,
    "normalization": 1.0,
    "sigma": 18.129997792793183
}