{
    "type": "autofit.example.model.Gaussian",
    "centre": 52.35161884166861,
    "normalization": 1.0,
    "sigma": 16.693713388003594
}