{
    "type": "autofit.example.model.Gaussian",
    "centre": 51.62134725168793,
    "normalization": 1.0,
    "sigma": 0.43616955952106196
}