{
    "type": "autofit.example.model.Gaussian",
    "centre": 62.44132564730683,
    "normalization": 1.0,
    "sigma": 12.400520202272999
}