{
    "type": "autofit.example.model.Gaussian",
    "centre": 49.0697132215665,
    "normalization": 1.0,
    "sigma": 7.621718353938146
}