{
    "type": "autofit.example.model.Gaussian",
    "centre": 49.758631759292584,
    "normalization": 1.0,
    "sigma": 19.454809206851053
}