{
    "type": "autofit.example.model.Gaussian",
    "centre": 34.43253582838726,
    "normalization": 1.0,
    "sigma": 16.11170906591147
}