{
    "type": "autofit.example.model.Gaussian",
    "centre": 37.997158044288206,
    "normalization": 1.0,
    "sigma": 8.427408567925365
}