{
    "type": "autofit.example.model.Gaussian",
    "centre": 46.13257438121968,
    "normalization": 1.0,
    "sigma": 7.861634896104316
}