{
    "type": "autofit.example.model.Gaussian",
    "centre": 56.41335280440875,
    "normalization": 1.0,
    "sigma": 9.788377270813994
}