{
    "type": "autofit.example.model.Gaussian",
    "centre": 45.933774923356545,
    "normalization": 1.0,
    "sigma": 14.10756799322947
}