{
    "type": "autofit.example.model.Gaussian",
    "centre": 58.28442211208461,
    "normalization": 1.0,
    "sigma": 13.268781170796977
}