{
    "type": "autofit.example.model.Gaussian",
    "centre": 34.85710212051772,
    "normalization": 1.0,
    "sigma": 14.0515038552291
}