{
    "type": "autofit.example.model.Gaussian",
    "centre": 44.42303749130541,
    "normalization": 1.0,
    "sigma": 0.131551484974608
}