{
    "type": "autofit.example.model.Gaussian",
    "centre": 53.267059793187116,
    "normalization": 1.0,
    "sigma": 13.23199996324256
}