{
    "type": "autofit.example.model.Gaussian",
    "centre": 56.6854012509701,
    "normalization": 1.0,
    "sigma": 3.8124549873790867
}