{
    "type": "autofit.example.model.Gaussian",
    "centre": 56.208677411619966,
    "normalization": 1.0,
    "sigma": 5.751672148610943
}