{
    "type": "autofit.example.model.Gaussian",
    "centre": 46.58915283810044,
    "normalization": 1.0,
    "sigma": 3.2605572449635867
}