{
    "type": "autofit.example.model.Gaussian",
    "centre": 53.641298009658506,
    "normalization": 1.0,
    "sigma": 16.581793289265654
}