{
    "type": "autofit.example.model.Gaussian",
    "centre": 54.080116629510606,
    "normalization": 1.0,
    "sigma": 14.472125516724303
}