{
    "type": "autofit.example.model.Gaussian",
    "centre": 56.81749867161288,
    "normalization": 1.0,
    "sigma": 11.087015904091809
}