{
    "type": "autofit.example.model.Gaussian",
    "centre": 64.04638924396681,
    "normalization": 1.0,
    "sigma": 9.937879319879274
}