{
    "type": "autofit.example.model.Gaussian",
    "centre": 46.28203642399055,
    "normalization": 1.0,
    "sigma": 15.610669448735823
}