{
    "type": "autofit.example.model.Gaussian",
    "centre": 51.42541702784445,
    "normalization": 1.0,
    "sigma": 12.552343418914548
}