{
    "type": "autofit.example.model.Gaussian",
    "centre": 56.865876085008516,
    "normalization": 1.0,
    "sigma": 13.329257335389372
}