{
    "type": "autofit.example.model.Gaussian",
    "centre": 43.23118897575144,
    "normalization": 1.0,
    "sigma": 7.798400709971034
}