{
    "type": "autofit.example.model.Gaussian",
    "centre": 51.88940359913035,
    "normalization": 1.0,
    "sigma": 8.101325366466252
}