{
    "type": "autofit.example.model.Gaussian",
    "centre": 42.89806913825174,
    "normalization": 1.0,
    "sigma": 12.228384292398989
}