{
    "type": "autofit.example.model.Gaussian",
    "centre": 63.201921644150694,
    "normalization": 1.0,
    "sigma": 10.206498445175708
}