{
    "type": "autofit.example.model.Gaussian",
    "centre": 44.453436468476056,
    "normalization": 1.0,
    "sigma": 13.296006810298612
}