{
    "type": "autofit.example.model.Gaussian",
    "centre": 37.90850024732201,
    "normalization": 1.0,
    "sigma": 18.85094412392114
}