{
    "type": "autofit.example.model.Gaussian",
    "centre": 44.72203349775061,
    "normalization": 1.0,
    "sigma": 10.884619732907286
}