{
    "type": "autofit.example.model.Gaussian",
    "centre": 55.298673337497135,
    "normalization": 1.0,
    "sigma": 1.5123749910506454
}