{
    "type": "autofit.example.model.Gaussian",
    "centre": 69.27674145244806,
    "normalization": 1.0,
    "sigma": 19.638996447589484
}