{
    "type": "autofit.example.model.Gaussian",
    "centre": 48.097451559176214,
    "normalization": 1.0,
    "sigma": 19.10451931518984
}