{
    "type": "autofit.example.model.Gaussian",
    "centre": 59.65988743951614,
    "normalization": 1.0,
    "sigma": 4.833677786711494
}