{
    "type": "autofit.example.model.Gaussian",
    "centre": 30.813244095205558,
    "normalization": 1.0,
    "sigma": 8.293407420427942
}