{
    "type": "autofit.example.model.Gaussian",
    "centre": 54.7490830667838,
    "normalization": 1.0,
    "sigma": 10.830341539611224
}