{
    "type": "autofit.example.model.Gaussian",
    "centre": 34.42289587653478,
    "normalization": 1.0,
    "sigma": 11.322267892302255
}